Prediction,Accuracy,Error,Reliability,Privacy,Volitionality,Causes Outcome,Causes Cycle,Causes Disparity,Caused by Group
All Domains,0.730801727684,0.000203305137546,0.317067297513,0.0362720881454,0.100242862519,0.492517063476,0.00478229478055,-0.263299718672,0.0853778946243
All Domains,0.723176881942,0.000207481002378,,0.00863897901485,0.114855314686,0.518021594928,-0.0116017581497,-0.248855938896,0.0993480197626
All Domains,0.731626902509,0.000208647426288,0.31355072388,,0.107566942286,0.495024943395,0.0112522232793,-0.261295292101,0.0870920585554
All Domains,0.729813656931,0.000208313058519,0.32323097411,0.0592171489597,,0.506997764372,0.00938140927877,-0.277757719584,0.0994052306372
All Domains,0.688317564788,0.000228917194417,0.357633452981,0.0617581356578,0.147848655625,,0.142547302062,-0.273349854667,0.105740216772
All Domains,0.731118881119,0.000197881447463,0.316908484441,0.0367624998536,0.100337859489,0.493445201494,,-0.261092674507,0.0857232204352
All Domains,0.72793747429,0.000207743459278,0.310035966235,0.0299760106844,0.112764886655,0.492638293399,-0.0927689957838,,-0.054021682944
All Domains,0.730235294118,0.000213046661784,0.319616753695,0.0385548268748,0.105749691373,0.495046453028,0.0108475465255,-0.20766745395,
